"DESCRIPTION","DURATION IN MS","NAME","PARENT SUITE","START TIME","STATUS","STOP TIME","SUB SUITE","SUITE","TEST CLASS","TEST METHOD"
"","0","e2e: failed","","2026-10-09","failed","2026-10-09","","StudyMate Lab 2","",""
"","0","test_invalid_status_is_rejected","tests.unit","2026-10-09","passed","2026-10-09","","test_sync_request_validation","",""
"","34","stops after title validator rejects input","","2026-10-09","passed","2026-10-09","","com.z23u184.studymate.data.lab.CreateTaskUseCaseLondonTest","com.z23u184.studymate.data.lab.CreateTaskUseCaseLondonTest",""
"","76","rejects blank title before writing through real repository","","2026-10-09","passed","2026-10-09","","com.z23u184.studymate.data.lab.CreateTaskUseCaseClassicTest","com.z23u184.studymate.data.lab.CreateTaskUseCaseClassicTest",""
"","0","test_best_result_requires_score_and_completion_time","tests.unit","2026-10-09","passed","2026-10-09","","test_sync_request_validation","",""
"Негативный: синхронизация не вызывается после сохранения","25","propagates save exception and never starts sync","","2026-10-09","passed","2026-10-09","","com.z23u184.studymate.data.lab.CreateTaskUseCaseLondonTest","com.z23u184.studymate.data.lab.CreateTaskUseCaseLondonTest","propagates save exception and never starts sync"
"Граничный: ровно 10000 символов в названии.","29","accepts description exactly at maximum and persists it","","2026-10-09","passed","2026-10-09","","com.z23u184.studymate.data.lab.CreateTaskUseCaseClassicTest","com.z23u184.studymate.data.lab.CreateTaskUseCaseClassicTest","accepts description exactly at maximum and persists it"
"Граничный: 10001 символ в названии","1007","rejects description just above maximum without database write","","2026-10-09","passed","2026-10-09","","com.z23u184.studymate.data.lab.CreateTaskUseCaseClassicTest","com.z23u184.studymate.data.lab.CreateTaskUseCaseClassicTest","rejects description just above maximum without database write"
"","38","stops immediately when topic is missing","","2026-10-09","passed","2026-10-09","","com.z23u184.studymate.data.lab.CreateTaskUseCaseLondonTest","com.z23u184.studymate.data.lab.CreateTaskUseCaseLondonTest",""
"","1","test_naive_timestamp_is_rejected","tests.unit","2026-10-09","passed","2026-10-09","","test_sync_request_validation","",""
"","0","test_initial_sync_rejects_naive_pull_since","tests.unit","2026-10-09","passed","2026-10-09","","test_sync_request_validation","",""
"","1","test_task_without_parent_is_rejected","tests.unit","2026-10-09","passed","2026-10-09","","test_sync_request_validation","",""
"","69","accepts description exactly at maximum and persists it","","2026-10-09","passed","2026-10-09","","com.z23u184.studymate.data.lab.CreateTaskUseCaseClassicTest","com.z23u184.studymate.data.lab.CreateTaskUseCaseClassicTest",""
"Проверяется протокол взаимодействия: нормализация, валидация, генерация, save и sync вызываются ровно там, где должны.","1002","orchestrates collaborators on successful creation","","2026-10-09","passed","2026-10-09","","com.z23u184.studymate.data.lab.CreateTaskUseCaseLondonTest","com.z23u184.studymate.data.lab.CreateTaskUseCaseLondonTest","orchestrates collaborators on successful creation"
"Негативный: если TopicRepository вернул null, флоу прерывается.","34","stops immediately when topic is missing","","2026-10-09","passed","2026-10-09","","com.z23u184.studymate.data.lab.CreateTaskUseCaseLondonTest","com.z23u184.studymate.data.lab.CreateTaskUseCaseLondonTest","stops immediately when topic is missing"
"","27","propagates save exception and never starts sync","","2026-10-09","passed","2026-10-09","","com.z23u184.studymate.data.lab.CreateTaskUseCaseLondonTest","com.z23u184.studymate.data.lab.CreateTaskUseCaseLondonTest",""
"","542","test_wrong_password_does_not_create_session","tests.integration","2026-10-09","passed","2026-10-09","","test_sql_auth_repository","",""
"Граничное значение: название превращается в пустую строку","25","rejects blank title before writing through real repository","","2026-10-09","passed","2026-10-09","","com.z23u184.studymate.data.lab.CreateTaskUseCaseClassicTest","com.z23u184.studymate.data.lab.CreateTaskUseCaseClassicTest","rejects blank title before writing through real repository"
"","21","test_topic_delete_cascades_to_task_and_solution","tests.integration","2026-10-09","passed","2026-10-09","","test_sql_sync_repository","",""
"","546","test_duplicate_registration_returns_conflict_without_extra_row","tests.integration","2026-10-09","passed","2026-10-09","","test_sql_auth_repository","",""
"","1016","orchestrates collaborators on successful creation","","2026-10-09","passed","2026-10-09","","com.z23u184.studymate.data.lab.CreateTaskUseCaseLondonTest","com.z23u184.studymate.data.lab.CreateTaskUseCaseLondonTest",""
"Негативный: после ошибки объект не создаётся.","25","stops after description validator rejects input","","2026-10-09","passed","2026-10-09","","com.z23u184.studymate.data.lab.CreateTaskUseCaseLondonTest","com.z23u184.studymate.data.lab.CreateTaskUseCaseLondonTest","stops after description validator rejects input"
"","17","test_flashcard_best_result_merges_highest_score","tests.integration","2026-10-09","passed","2026-10-09","","test_sql_sync_repository","",""
"","10","test_stale_update_is_skipped_and_newer_one_is_saved","tests.integration","2026-10-09","passed","2026-10-09","","test_sql_sync_repository","",""
"","0","test_missing_topic_title_is_rejected","tests.unit","2026-10-09","passed","2026-10-09","","test_sync_request_validation","",""
"","0","test_delete_does_not_require_title","tests.unit","2026-10-09","passed","2026-10-09","","test_sync_request_validation","",""
"","1","test_empty_push_is_valid","tests.unit","2026-10-09","passed","2026-10-09","","test_sync_request_validation","",""
"","29","stops after description validator rejects input","","2026-10-09","passed","2026-10-09","","com.z23u184.studymate.data.lab.CreateTaskUseCaseLondonTest","com.z23u184.studymate.data.lab.CreateTaskUseCaseLondonTest",""
"","65","returns topic not found when real repository cannot find parent topic","","2026-10-09","passed","2026-10-09","","com.z23u184.studymate.data.lab.CreateTaskUseCaseClassicTest","com.z23u184.studymate.data.lab.CreateTaskUseCaseClassicTest",""
"","5720","rejects description just above maximum without database write","","2026-10-09","passed","2026-10-09","","com.z23u184.studymate.data.lab.CreateTaskUseCaseClassicTest","com.z23u184.studymate.data.lab.CreateTaskUseCaseClassicTest",""
"","91","creates normalized task and persists it through real repository","","2026-10-09","passed","2026-10-09","","com.z23u184.studymate.data.lab.CreateTaskUseCaseClassicTest","com.z23u184.studymate.data.lab.CreateTaskUseCaseClassicTest",""
"","28","test_create_topic_task_solution_persists_and_pull_has_relationships","tests.integration","2026-10-09","passed","2026-10-09","","test_sql_sync_repository","",""
"Негативный: отсутствие родительской темы.","24","returns topic not found when real repository cannot find parent topic","","2026-10-09","passed","2026-10-09","","com.z23u184.studymate.data.lab.CreateTaskUseCaseClassicTest","com.z23u184.studymate.data.lab.CreateTaskUseCaseClassicTest","returns topic not found when real repository cannot find parent topic"
"","9","test_users_cannot_reference_each_others_topics","tests.integration","2026-10-09","passed","2026-10-09","","test_sql_sync_repository","",""
"","602","test_register_login_refresh_logout_persists_and_revokes_tokens","tests.integration","2026-10-09","passed","2026-10-09","","test_sql_auth_repository","",""
"","5","test_failing_batch_rolls_back_all_its_previous_inserts","tests.integration","2026-10-09","passed","2026-10-09","","test_sql_sync_repository","",""
"Проверяется trim и фактическая запись в БД.","39","creates normalized task and persists it through real repository","","2026-10-09","passed","2026-10-09","","com.z23u184.studymate.data.lab.CreateTaskUseCaseClassicTest","com.z23u184.studymate.data.lab.CreateTaskUseCaseClassicTest","creates normalized task and persists it through real repository"
"Негативный: ошибка проверки названия прерывает флоу проверки","30","stops after title validator rejects input","","2026-10-09","passed","2026-10-09","","com.z23u184.studymate.data.lab.CreateTaskUseCaseLondonTest","com.z23u184.studymate.data.lab.CreateTaskUseCaseLondonTest","stops after title validator rejects input"
